{"textHeight":0.8776014,"scale":0.8,"duration":3000,"height":0.8776014,"width":6.268582,"editorTime":1500,"textWidth":6.268582,"gravity":5}